Day fraction since midnight on 	pH probe (pH)	Source Pressure (Pa)	air valve control ()
0.600954982	7.914204121	-18.17252541	NaN
0.60096653	7.913527012	-18.17252541	NaN
0.600978111	7.917094708	-18.17252541	NaN
0.600989672	7.934388638	-18.17252541	NaN
0.601001253	7.930655003	-18.17252541	NaN
0.601012833	7.918964386	-18.17252541	NaN
0.60102443	7.912671089	-18.17252541	NaN
0.601035971	7.901459694	-18.17252541	NaN
0.601047575	7.918266296	-18.17252541	NaN
0.601059132	7.920670509	-18.17252541	NaN
0.601070715	7.921624661	-18.17252541	NaN
0.601082265	7.906089306	-18.17252541	NaN
0.60109386	7.904695988	-18.17252541	NaN
0.601105457	7.902164459	-18.17252541	NaN
0.601117011	7.917426109	-18.17252541	NaN
0.601128559	7.927062035	-18.17252541	NaN
0.601140153	7.90230751	-18.17252541	NaN
0.601151746	7.903112412	-18.17252541	NaN
0.601163301	7.911071301	-18.17252541	NaN
0.601174874	7.918207645	-18.17252541	NaN
0.60118645	7.924386025	-18.17252541	NaN
0.601198011	7.931607723	-18.17252541	NaN
0.601209594	7.918633938	-18.17252541	NaN
0.601221184	7.922709465	-18.17252541	NaN
0.601232758	7.908459663	-18.17252541	NaN
0.60124432	7.903044701	-18.17252541	NaN
0.601255876	7.918510437	-18.17252541	NaN
0.601267461	7.910375118	-18.17252541	NaN
0.601279052	7.924390316	-18.17252541	NaN
0.601290615	7.933875084	-18.17252541	NaN
0.601302189	7.924211502	-18.17252541	NaN
0.601313761	7.922711372	-18.17252541	NaN
0.601325321	7.917840958	-18.17252541	NaN
0.601336938	7.901770592	-18.17252541	NaN
0.601348486	7.907862186	-18.17252541	NaN
0.601360058	7.912771225	-18.17252541	NaN
0.601371634	7.916614533	-18.17252541	NaN
0.601383216	7.903791428	-18.17252541	NaN
0.601394765	7.911365509	-18.17252541	NaN
0.601406348	7.907354355	-18.17252541	NaN
0.601417938	7.910233021	-18.17252541	NaN
0.601429493	7.915072918	-18.17252541	NaN
0.601441085	7.914360046	-18.17252541	NaN
0.601452667	7.914421082	-18.17252541	NaN
0.601464236	7.901671886	-18.17252541	NaN
0.601475815	7.914673328	-18.17252541	NaN
0.601487344	7.923512936	-18.17252541	NaN
0.601498963	7.914617539	-18.17252541	NaN
0.601510492	7.921917439	-18.17252541	NaN
0.601522104	7.909158707	-18.17252541	NaN
0.601533655	7.899951458	-18.17252541	NaN
0.601545241	7.909076691	-18.17252541	NaN
0.601556815	7.894805908	-18.17252541	NaN
0.601568418	7.89572382	-18.17252541	NaN
0.601579993	7.893126488	-18.17252541	NaN
0.601591547	7.898520947	-18.17252541	NaN
0.601603133	7.918548584	-18.17252541	NaN
0.601614707	7.925131798	-18.17252541	NaN
0.601626281	7.925965786	-18.17252541	NaN
0.601637841	7.920472145	-18.17252541	NaN
0.601649406	7.920175552	-18.17252541	NaN
0.601660988	7.92173624	-18.17252541	NaN
0.601672557	7.908521652	-18.17252541	NaN
0.601684131	7.903291702	-18.17252541	NaN
0.60169569	7.92778492	-18.17252541	NaN
0.601707286	7.95365572	-18.17252541	NaN
0.601718865	7.931221008	-18.17252541	NaN
0.60173043	7.931497574	-18.17252541	NaN
0.601741991	7.921534061	-18.17252541	NaN
0.601753582	7.919041157	-18.17252541	NaN
0.601765175	7.921350956	-18.17252541	NaN
0.601776728	7.907082558	-18.17252541	NaN
0.601788313	7.900640488	-18.17252541	NaN
0.60179988	7.905772209	-18.17252541	NaN
0.601811451	7.913555622	-18.17252541	NaN
0.601823022	7.919325829	-18.17252541	NaN
0.601834597	7.926241398	-18.17252541	NaN
0.601846168	7.921238422	-18.17252541	NaN
0.601857743	7.913432121	-18.17252541	NaN
0.601869316	7.91146183	-18.17252541	NaN
0.601880917	7.913231373	-18.17252541	NaN
0.60189246	7.910502434	-18.17252541	NaN
0.60190404	7.924804211	-18.17252541	NaN
0.601915616	7.912858963	-18.17252541	NaN
0.601927179	7.917936325	-18.17252541	NaN
0.601938778	7.927164078	-18.17252541	NaN
0.601950333	7.927130699	-18.17252541	NaN
0.601961903	7.925323963	-18.17252541	NaN
0.60197349	7.927655697	-18.17252541	NaN
0.601985046	7.92970705	-18.17252541	NaN
0.601996651	7.932908535	-18.17252541	NaN
0.602008211	7.923901081	-18.17252541	NaN
0.60201978	7.929060459	-18.17252541	NaN
0.602031353	7.915087223	-18.17252541	NaN
0.60204295	7.913441181	-18.17252541	NaN
0.602054512	7.91965723	-18.17252541	NaN
0.602066073	7.927209854	-18.17252541	NaN
0.602077653	7.91963768	-18.17252541	NaN
0.602089229	7.908875465	-18.17252541	NaN
0.602100806	7.907745838	-18.17252541	NaN
0.602112365	7.91553402	-18.17252541	NaN
0.602123958	7.914819241	-18.17252541	NaN
0.602135528	7.920306206	-18.17252541	NaN
0.602147105	7.934244633	-18.17252541	NaN
0.602158655	7.931723118	-18.17252541	NaN
0.602170258	7.916163921	-18.17252541	NaN
0.602181822	7.924799919	-18.17252541	NaN
0.602193396	7.930143833	-18.17252541	NaN
0.602204981	7.915492058	-18.17252541	NaN
0.602216549	7.914186478	-18.17252541	NaN
0.602228123	7.932137966	-18.17252541	NaN
0.602239698	7.946726799	-18.17252541	NaN
0.602251284	7.922500134	-18.17252541	NaN
0.602262875	7.922571182	-18.17252541	NaN
0.602274426	7.923104763	-18.17252541	NaN
0.602286014	7.914816856	-18.17252541	NaN
0.602297587	7.916913033	-18.17252541	NaN
0.602309153	7.921484947	-18.17252541	NaN
0.60232075	7.920639992	-18.17252541	NaN
0.602332297	7.920636654	-18.17252541	NaN
0.602343872	7.913197517	-18.17252541	NaN
0.602355452	7.926613808	-18.17252541	NaN
0.602367027	7.912040234	-18.17252541	NaN
0.602378596	7.925350189	-18.17252541	NaN
0.602390177	7.93308115	-18.17252541	NaN
0.602401736	7.916818142	-18.17252541	NaN
0.602413324	7.919938564	-18.17252541	NaN
0.6024249	7.929522038	-18.17252541	NaN
0.602436466	7.926990509	-18.17252541	NaN
0.602448066	7.930826664	-18.17252541	NaN
0.602459644	7.936337948	-18.17252541	NaN
0.602471222	7.911727905	-18.17252541	NaN
0.602482794	7.910255432	-18.17252541	NaN
0.602494375	7.910193443	-18.17252541	NaN
0.602505954	7.927560329	-18.17252541	NaN
0.602517505	7.923958778	-18.17252541	NaN
0.602529099	7.921516895	-18.17252541	NaN
0.602540642	7.916579247	-18.17252541	NaN
0.602552235	7.913007259	-18.17252541	NaN
0.602563798	7.912608624	-18.17252541	NaN
0.602575398	7.914124489	-18.17252541	NaN
0.602586969	7.921675205	-18.17252541	NaN
0.602598539	7.907553196	-18.17252541	NaN
0.602610128	7.908615112	-18.17252541	NaN
0.602621675	7.908220291	-18.17252541	NaN
0.602633262	7.92043829	-18.17252541	NaN
0.602644822	7.923688412	-18.17252541	NaN
0.602656442	7.915009499	-18.17252541	NaN
0.602668004	7.920181274	-18.17252541	NaN
0.602679549	7.93269825	-18.17252541	NaN
0.602691141	7.93178606	-18.17252541	NaN
0.602702705	7.924042702	-18.17252541	NaN
0.602714292	7.916455746	-18.17252541	NaN
0.602725881	7.91711998	-18.17252541	NaN
0.602737453	7.922842979	-18.17252541	NaN
0.602749033	7.929270744	-18.17252541	NaN
0.602760601	7.928503513	-18.17252541	NaN
0.602772181	7.917445183	-18.17252541	NaN
0.602783739	7.912154198	-18.17252541	NaN
0.602795331	7.907505512	-18.17252541	NaN
0.602806888	7.918319225	-18.17252541	NaN
0.602818462	7.919985771	-18.17252541	NaN
0.60283005	7.920568466	-18.17252541	NaN
0.602841618	7.928515911	-18.17252541	NaN
0.602853197	7.918107033	-18.17252541	NaN
0.602864775	7.906486511	-18.17252541	NaN
0.602876331	7.906814575	-18.17252541	NaN
0.60288792	7.903505325	-18.17252541	NaN
0.602899516	7.917516232	-18.17252541	NaN
0.602911059	7.923431873	-18.17252541	NaN
0.602922653	7.914343357	-18.17252541	NaN
0.602934215	7.926651478	-18.17252541	NaN
0.6029458	7.92626524	-18.17252541	NaN
0.602957372	7.916249752	-18.17252541	NaN
0.602968961	7.910068512	-18.17252541	NaN
0.602980552	7.918198109	-18.17252541	NaN
0.602992095	7.924533844	-18.17252541	NaN
0.603003672	7.926237583	-18.17252541	NaN
0.603015255	7.926089764	-18.17252541	NaN
0.60302682	7.926105499	-18.17252541	NaN
0.603038408	7.917823792	-18.17252541	NaN
0.603049971	7.919355869	-18.17252541	NaN
0.603061541	7.924611092	-18.17252541	NaN
0.603073149	7.929776192	-18.17252541	NaN
0.603084721	7.936917782	-18.17252541	NaN
0.603096301	7.925723076	-18.17252541	NaN
0.603107843	7.910130501	-18.17252541	NaN
0.603119449	7.908914089	-18.17252541	NaN
0.603131001	7.913428783	-18.17252541	NaN
0.603142575	7.905134201	-18.17252541	NaN
0.603154164	7.915449143	-18.17252541	NaN
0.603165737	7.909185886	-18.17252541	NaN
0.60317731	7.904223919	-18.17252541	NaN
0.603188887	7.908032417	-18.17252541	NaN
0.603200475	7.923444271	-18.17252541	NaN
0.603212042	7.926774979	-18.17252541	NaN
0.603223608	7.920276642	-18.17252541	NaN
0.603235186	7.917233944	-18.17252541	NaN
0.603246783	7.916368008	-18.17252541	NaN
0.603258345	7.916210175	-18.17252541	NaN
0.603269927	7.927769661	-18.17252541	NaN
0.603281495	7.933849335	-18.17252541	NaN
0.603293053	7.935537815	-18.17252541	NaN
0.603304643	7.920036316	-18.17252541	NaN
0.603316212	7.921531677	-18.17252541	NaN
0.603327783	7.91740799	-18.17252541	NaN
0.603339363	7.923734188	-18.17252541	NaN
0.603350955	7.919496536	-18.17252541	NaN
0.603362546	7.92034626	-18.17252541	NaN
0.603374096	7.936093807	-18.17252541	NaN
0.603385676	7.927727699	-18.17252541	NaN
0.603397242	7.920062542	-18.17252541	NaN
0.603408834	7.917868137	-18.17252541	NaN
0.603420423	7.911082268	-18.17252541	NaN
0.603431987	7.915777206	-18.17252541	NaN
0.603443545	7.914671898	-18.17252541	NaN
0.603455125	7.908420086	-18.17252541	NaN
0.603466688	7.911286831	-18.17252541	NaN
0.603478287	7.916476727	-18.17252541	NaN
0.60348985	7.913489342	-18.17252541	NaN
0.603501423	7.925121307	-18.17252541	NaN
0.603512997	7.941198826	-18.17252541	NaN
0.603524574	7.933634758	-18.17252541	NaN
0.603536155	7.921432495	-18.17252541	NaN
0.60354773	7.904150486	-18.17252541	NaN
0.603559297	7.907316208	-18.17252541	NaN
0.603570889	7.922621727	-18.17252541	NaN
0.603582466	7.9164114	-18.17252541	NaN
0.603594037	7.910320282	-18.17252541	NaN
0.603605615	7.917767048	-18.17252541	NaN
0.603617187	7.925365925	-18.17252541	NaN
0.603628763	7.92440176	-18.17252541	NaN
0.603640347	7.921944141	-18.17252541	NaN
0.603651919	7.933997631	-18.17252541	NaN
0.603663479	7.928711414	-18.17252541	NaN
0.603675042	7.912804604	-18.17252541	NaN
0.603686639	7.914433003	-18.17252541	NaN
0.603698203	7.911026955	-18.17252541	NaN
0.603709787	7.913961411	-18.17252541	NaN
pump starts			
0.603721372	7.909911156	-18.17252541	NaN
0.603732949	7.916100979	-18.17252541	NaN
0.603744523	7.914378166	-18.17252541	NaN
0.603756089	7.912204266	-18.17252541	NaN
0.603767671	7.906982899	-18.17252541	NaN
0.603779251	7.908702374	-18.17252541	NaN
0.603790799	7.564964294	-18.17252541	NaN
0.603802396	7.901456833	-18.17252541	NaN
0.603813944	7.871229172	-18.17252541	NaN
0.603825535	7.878822804	-18.17252541	NaN
0.603837131	7.877950668	-18.17252541	NaN
0.603848684	7.922737122	-18.17252541	NaN
0.603860258	7.878539085	-18.17252541	NaN
0.603871842	7.91890192	-18.17252541	NaN
0.603883401	7.894822121	-18.17252541	NaN
0.603894991	7.941006661	-18.17252541	NaN
0.603906564	7.90873003	-18.17252541	NaN
0.603918145	7.933432102	-18.17252541	NaN
0.603929714	7.93124485	-18.17252541	NaN
0.603941303	7.956166267	-18.17252541	NaN
0.603952854	7.938359737	-18.17252541	NaN
0.603964454	7.95471859	-18.17252541	NaN
0.60397602	7.935458183	-18.17252541	NaN
0.603987593	7.957091332	-18.17252541	NaN
0.603999192	7.925922871	-18.17252541	NaN
0.604010741	7.878112793	-18.17252541	NaN
0.604022341	7.865107536	-18.17252541	NaN
0.60403391	7.856610775	-18.17252541	NaN
0.604045478	7.866005421	-18.17252541	NaN
0.604057077	7.827297211	-18.17252541	NaN
0.604068651	7.821705341	-18.17252541	NaN
0.604080187	7.834127426	-18.17252541	NaN
0.604091803	7.864246845	-18.17252541	NaN
0.604103354	7.799473286	-18.17252541	NaN
0.604114916	7.809066773	-18.17252541	NaN
0.604126529	7.773459911	-18.17252541	NaN
0.604138075	7.811463833	-18.17252541	NaN
0.604149657	7.772488594	-18.17252541	NaN
0.604161237	7.795062542	-18.17252541	NaN
0.604172828	7.739270687	-18.17252541	NaN
0.604184368	7.758974075	-18.17252541	NaN
0.604195961	7.71283865	-18.17252541	NaN
0.604207523	7.751415253	-18.17252541	NaN
0.604219103	7.695087433	-18.17252541	NaN
0.60423068	7.716069698	-18.17252541	NaN
0.604242256	7.665141106	-18.17252541	NaN
0.604253861	7.719448566	-18.17252541	NaN
0.604265424	7.657230854	-18.17252541	NaN
0.604276993	7.652540684	-18.17252541	NaN
0.604288565	7.648565292	-18.17252541	NaN
0.60430014	7.64546299	-18.17252541	NaN
0.604311724	7.63132143	-18.17252541	NaN
0.604323296	7.645496368	-18.17252541	NaN
0.604334864	7.643014431	-18.17252541	NaN
0.604346455	7.617973328	-18.17252541	NaN
0.604358021	7.611334324	-18.17252541	NaN
0.604369585	7.614431858	-18.17252541	NaN
0.604381157	7.583014965	-18.17252541	NaN
0.604392749	7.568603993	-18.17252541	NaN
0.60440434	7.5603652	-18.17252541	NaN
0.604415903	7.550829887	-18.17252541	NaN
0.604427473	7.565631867	-18.17252541	NaN
0.604439057	7.557936192	-18.17252541	NaN
0.604450639	7.566257954	-18.17252541	NaN
0.604462198	7.539033413	-18.17252541	NaN
0.604473768	7.563643932	-18.17252541	NaN
0.604485349	7.526237488	-18.17252541	NaN
0.604496935	7.530146122	-18.17252541	NaN
0.6045085	7.523767948	-18.17252541	NaN
0.604520071	7.527371407	-18.17252541	NaN
0.604531674	7.513483048	-18.17252541	NaN
0.604543238	7.547043324	-18.17252541	NaN
0.604554802	7.468123436	-18.17252541	NaN
0.604566401	7.510826111	-18.17252541	NaN
0.604577966	7.484916687	-18.17252541	NaN
0.60458952	7.48239708	-18.17252541	NaN
0.604601115	7.444867134	-18.17252541	NaN
0.604612692	7.496892929	-18.17252541	NaN
0.604624251	7.468959332	-18.17252541	NaN
0.60463581	7.504175186	-18.17252541	NaN
0.6046474	7.422720432	-18.17252541	NaN
0.604658971	7.445628643	-18.17252541	NaN
0.60467055	7.400659084	-18.17252541	NaN
0.604682133	7.403316498	-18.17252541	NaN
0.60469372	7.40963459	-18.17252541	NaN
0.604705284	7.410404205	-18.17252541	NaN
0.604716847	7.403657913	-18.17252541	NaN
0.604728447	7.428977013	-18.17252541	NaN
0.604740001	7.409958363	-18.17252541	NaN
0.604751576	7.393493652	-18.17252541	NaN
0.604763155	7.353918552	-18.17252541	NaN
0.604774749	7.376861572	-18.17252541	NaN
0.604786311	7.363557339	-18.17252541	NaN
0.604797898	7.368288994	-18.17252541	NaN
0.604809459	7.349062443	-18.17252541	NaN
0.604821029	7.318146229	-18.17252541	NaN
0.604832607	7.341042042	-18.17252541	NaN
0.6048442	7.33253336	-18.17252541	NaN
0.604855783	7.372887611	-18.17252541	NaN
0.604867339	7.334125996	-18.17252541	NaN
0.604878907	7.358691216	-18.17252541	NaN
0.604890471	7.335587025	-18.17252541	NaN
0.604902064	7.329679966	-18.17252541	NaN
0.604913635	7.291509628	-18.17252541	NaN
0.60492521	7.31976366	-18.17252541	NaN
0.604936807	7.297102928	-18.17252541	NaN
0.60494838	7.360015392	-18.17252541	NaN
0.604959938	7.320408821	-18.17252541	NaN
0.604971507	7.348548412	-18.17252541	NaN
0.604983094	7.288078785	-18.17252541	NaN
0.604994688	7.315461636	-18.17252541	NaN
0.605006238	7.271227837	-18.17252541	NaN
0.605017832	7.295692444	-18.17252541	NaN
0.60502941	7.266325474	-18.17252541	NaN
0.605040969	7.278652668	-18.17252541	NaN
0.605052553	7.275847912	-18.17252541	NaN
0.605064133	7.307499409	-18.17252541	NaN
0.605075694	7.243330002	-18.17252541	NaN
0.605087267	7.26634407	-18.17252541	NaN
0.605098842	7.243715763	-18.17252541	NaN
0.605110426	7.259746075	-18.17252541	NaN
0.605121984	7.223957062	-18.17252541	NaN
0.605133559	7.237535954	-18.17252541	NaN
0.605145139	7.230892658	-18.17252541	NaN
0.605156737	7.22622776	-18.17252541	NaN
0.605168303	7.228625774	-18.17252541	NaN
0.605179881	7.223836899	-18.17252541	NaN
0.605191446	7.217882633	-18.17252541	NaN
0.605203027	7.208943844	-18.17252541	NaN
0.605214605	7.224063873	-18.17252541	NaN
0.605226173	7.224111557	-18.17252541	NaN
0.605237761	7.199503899	-18.17252541	NaN
0.605249322	7.159470558	-18.17252541	NaN
0.605260905	7.178621292	-18.17252541	NaN
0.605272497	7.142626286	-18.17252541	NaN
0.605284058	7.198173046	-18.17252541	NaN
0.605295642	7.131667137	-18.17252541	NaN
0.605307205	7.176745892	-18.17252541	NaN
0.605318764	7.152681351	-18.17252541	NaN
0.605330372	7.17096138	-18.17252541	NaN
0.605341942	7.118247986	-18.17252541	NaN
0.605353521	7.152380943	-18.17252541	NaN
0.605365109	7.120591641	-18.17252541	NaN
0.605376645	7.141217232	-18.17252541	NaN
0.605388235	7.122473717	-18.17252541	NaN
0.605399826	7.121808529	-18.17252541	NaN
0.605411374	7.077981949	-18.17252541	NaN
0.605422955	7.122170925	-18.17252541	NaN
0.60543455	7.091860294	-18.17252541	NaN
0.605446128	7.121082306	-18.17252541	NaN
0.605457687	7.089884758	-18.17252541	NaN
0.605469262	7.118470669	-18.17252541	NaN
0.605480841	7.106760502	-18.17252541	NaN
0.605492409	7.086873055	-18.17252541	NaN
0.605504006	7.065361023	-18.17252541	NaN
0.605515569	7.076462269	-18.17252541	NaN
0.605527157	7.071838379	-18.17252541	NaN
0.605538715	7.068173409	-18.17252541	NaN
0.605550284	7.052917004	-18.17252541	NaN
0.60556187	7.049951553	-18.17252541	NaN
0.605573433	7.059087753	-18.17252541	NaN
0.605585046	7.071554661	-18.17252541	NaN
0.605596596	7.075258255	-18.17252541	NaN
0.605608162	7.040063858	-18.17252541	NaN
0.605619761	7.049249172	-18.17252541	NaN
0.60563131	7.037848949	-18.17252541	NaN
0.60564292	7.062020779	-18.17252541	NaN
0.605654475	7.018855095	-18.17252541	NaN
0.60566604	7.051347733	-18.17252541	NaN
0.605677608	7.019854069	-18.17252541	NaN
0.605689192	7.045060158	-18.17252541	NaN
0.605700792	7.026263714	-18.17252541	NaN
0.605712345	7.02717495	-18.17252541	NaN
0.605723932	6.995066643	-18.17252541	NaN
0.605735509	7.029407024	-18.17252541	NaN
0.605747073	6.998785496	-18.17252541	NaN
0.605758641	7.022660732	-18.17252541	NaN
0.605770222	6.985353947	-18.17252541	NaN
0.605781816	7.012183666	-18.17252541	NaN
0.605793363	6.985219955	-18.17252541	NaN
0.605804958	6.996490955	-18.17252541	NaN
0.605816516	6.980892181	-18.17252541	NaN
0.605828102	6.994354248	-18.17252541	NaN
0.605839649	6.983407497	-18.17252541	NaN
0.605851235	6.998257637	-18.17252541	NaN
0.605862813	6.97289896	-18.17252541	NaN
0.605874384	6.979566097	-18.17252541	NaN
0.60588598	6.975392342	-18.17252541	NaN
0.605897553	7.003783703	-18.17252541	NaN
0.60590911	6.971346855	-18.17252541	NaN
0.605920695	6.946455479	-18.17252541	NaN
0.605932265	6.942051411	-18.17252541	NaN
0.605943858	6.972834587	-18.17252541	NaN
0.605955404	6.982579231	-18.17252541	NaN
0.605966995	6.935483456	-18.17252541	NaN
0.605978576	6.955471039	-18.17252541	NaN
0.605990141	6.918681622	-18.17252541	NaN
0.606001712	6.932633877	-18.17252541	NaN
0.606013284	6.936213493	-18.17252541	NaN
0.606024886	6.942595482	-18.17252541	NaN
0.606036418	6.922303677	-18.17252541	NaN
0.606048006	6.920343876	-18.17252541	NaN
0.606059589	6.906107426	-18.17252541	NaN
0.60607117	6.917441368	-18.17252541	NaN
0.606082732	6.890299797	-18.17252541	NaN
0.606094318	6.926789284	-18.17252541	NaN
0.606105893	6.895053387	-18.17252541	NaN
0.606117466	6.937203884	-18.17252541	NaN
0.60612905	6.917878151	-18.17252541	NaN
0.606140625	6.914002419	-18.17252541	NaN
0.606152181	6.920436382	-18.17252541	NaN
0.606163768	6.931228161	-18.17252541	NaN
0.606175351	6.903772831	-18.17252541	NaN
0.606186912	6.916548252	-18.17252541	NaN
0.606198467	6.877360821	-18.17252541	NaN
0.606210055	6.898067474	-18.17252541	NaN
0.606221658	6.883628845	-18.17252541	NaN
0.606233218	6.907785416	-18.17252541	NaN
0.606244779	6.874634266	-18.17252541	NaN
0.606256348	6.88655901	-18.17252541	NaN
0.606267931	6.857613564	-18.17252541	NaN
0.606279499	6.857422829	-18.17252541	NaN
0.606291091	6.857250214	-18.17252541	NaN
0.606302659	6.826573849	-18.17252541	NaN
0.606314229	6.830089569	-18.17252541	NaN
0.606325814	6.836713314	-18.17252541	NaN
0.606337404	6.842290878	-18.17252541	NaN
0.606348963	6.847917557	-18.17252541	NaN
0.606360536	6.858575821	-18.17252541	NaN
0.606372095	6.864966393	-18.17252541	NaN
0.606383676	6.857321262	-18.17252541	NaN
0.606395244	6.86302042	-18.17252541	NaN
0.606406834	6.856281281	-18.17252541	NaN
0.606418394	6.829189301	-18.17252541	NaN
0.606429977	6.838689327	-18.17252541	NaN
0.606441532	6.79463625	-18.17252541	NaN
0.606453151	6.817286491	-18.17252541	NaN
0.606464708	6.807227612	-18.17252541	NaN
0.60647626	6.821105957	-18.17252541	NaN
0.60648785	6.787901878	-18.17252541	NaN
0.606499426	6.820240498	-18.17252541	NaN
0.606510993	6.79825592	-18.17252541	NaN
0.606522562	6.79399395	-18.17252541	NaN
0.606534147	6.771347046	-18.17252541	NaN
0.606545732	6.778999329	-18.17252541	NaN
0.606557316	6.761924267	-18.17252541	NaN
0.606568865	6.780219555	-18.17252541	NaN
0.60658044	6.766317368	-18.17252541	NaN
0.606592017	6.787032604	-18.17252541	NaN
0.606603589	6.761403561	-18.17252541	NaN
0.606615183	6.784178734	-18.17252541	NaN
0.606626743	6.770534992	-18.17252541	NaN
0.606638327	6.793669701	-18.17252541	NaN
0.606649887	6.787380695	-18.17252541	NaN
0.606661493	6.807060242	-18.17252541	NaN
0.606673047	6.801234245	-18.17252541	NaN
0.6066846	6.807839394	-18.17252541	NaN
0.606696185	6.816987038	-18.17252541	NaN
0.606707793	6.790323257	-18.17252541	NaN
0.606719354	6.746304035	-18.17252541	NaN
0.606730914	6.74861002	-18.17252541	NaN
0.606742506	6.748834133	-18.17252541	NaN
0.606754082	6.747205734	-18.17252541	NaN
0.606765649	6.750230789	-18.17252541	NaN
0.606777202	6.719596863	-18.17252541	NaN
0.606788813	6.732241631	-18.17252541	NaN
0.606800377	6.73318243	-18.17252541	NaN
0.606811952	6.756593227	-18.17252541	NaN
0.60682352	6.716496944	-18.17252541	NaN
0.606835092	6.729720116	-18.17252541	NaN
0.606846676	6.686594486	-18.17252541	NaN
0.606858248	6.724740505	-18.17252541	NaN
0.606869813	6.701989651	-18.17252541	NaN
0.606881391	6.720107555	-18.17252541	NaN
0.606892975	6.709739208	-18.17252541	NaN
0.606904546	6.724819183	-18.17252541	NaN
0.606916119	6.717105866	-18.17252541	NaN
0.6069277	6.720308781	-18.17252541	NaN
0.606939246	6.708867073	-18.17252541	NaN
0.606950817	6.734538555	-18.17252541	NaN
0.606962423	6.694115162	-18.17252541	NaN
0.606973978	6.709848404	-18.17252541	NaN
0.606985552	6.662450314	-18.17252541	NaN
0.606997128	6.69636488	-18.17252541	NaN
0.607008737	6.664803982	-18.17252541	NaN
0.60702029	6.682665348	-18.17252541	NaN
0.60703184	6.685477734	-18.17252541	NaN
0.607043435	6.699076653	-18.17252541	NaN
0.607055016	6.714570999	-18.17252541	NaN
0.607066607	6.714204311	-18.17252541	NaN
0.60707817	6.713449955	-18.17252541	NaN
0.607089744	6.697794437	-18.17252541	NaN
0.607101291	6.685002327	-18.17252541	NaN
0.607112877	6.681542397	-18.17252541	NaN
0.607124438	6.674160957	-18.17252541	NaN
0.607136025	6.684596539	-18.17252541	NaN
0.607147614	6.674221993	-18.17252541	NaN
0.607159175	6.661700249	-18.17252541	NaN
0.607170754	6.680602074	-18.17252541	NaN
0.607182329	6.675195694	-18.17252541	NaN
0.607193928	6.797462463	-18.17252541	NaN
0.607205475	6.641791821	-18.17252541	NaN
0.607217058	6.62957859	-18.17252541	NaN
0.607228648	6.593018055	-18.17252541	NaN
0.607240215	6.631921291	-18.17252541	NaN
0.607251777	6.626953602	-18.17252541	NaN
0.607263347	6.638694286	-18.17252541	NaN
0.607274917	6.619695187	-18.17252541	NaN
0.607286527	6.624535084	-18.17252541	NaN
0.607298088	6.591609001	-18.17252541	NaN
0.607309658	6.616476059	-18.17252541	NaN
0.607321227	6.587901592	-18.17252541	NaN
0.607332785	6.644556522	-18.17252541	NaN
0.607344364	6.619279385	-18.17252541	NaN
0.607355937	6.646719456	-18.17252541	NaN
0.607367517	6.612174034	-18.17252541	NaN
0.607379101	6.629473209	-18.17252541	NaN
0.607390661	6.595754147	-18.17252541	NaN
0.607402241	6.624237061	-18.17252541	NaN
0.607413837	6.585632801	-18.17252541	NaN
0.607425392	6.586802006	-18.17252541	NaN
0.607436977	6.600477219	-18.17252541	NaN
0.607448537	6.61563158	-18.17252541	NaN
0.607460134	6.5960989	-18.17252541	NaN
0.60747169	6.61028862	-18.17252541	NaN
0.607483264	6.598924637	-18.17252541	NaN
0.607494868	6.609505653	-18.17252541	NaN
0.607506429	6.617022991	-18.17252541	NaN
0.60751798	6.615233421	-18.17252541	NaN
0.60752959	6.608892441	-18.17252541	NaN
0.607541125	6.591866016	-18.17252541	NaN
0.607552719	6.596476555	-18.17252541	NaN
0.607564302	6.591367245	-18.17252541	NaN
0.607575868	6.580426693	-18.17252541	NaN
0.607587462	6.683814526	-18.17252541	NaN
0.607599032	6.642294884	-18.17252541	NaN
0.607610586	6.554716587	-18.17252541	NaN
0.607622177	6.578226566	-18.17252541	NaN
0.60763375	6.57823658	-18.17252541	NaN
0.607645313	6.615818501	-18.17252541	NaN
0.607656914	6.579875946	-18.17252541	NaN
0.607668479	6.583613873	-18.17252541	NaN
0.607680033	6.542550087	-18.17252541	NaN
0.607691618	6.575965881	-18.17252541	NaN
0.607703197	6.559458733	-18.17252541	NaN
0.607714761	6.569155216	-18.17252541	NaN
0.607726332	6.56529665	-18.17252541	NaN
0.607737907	6.595991612	-18.17252541	NaN
0.607749488	6.555216312	-18.17252541	NaN
0.607761064	6.569318295	-18.17252541	NaN
0.607772638	6.529213429	-18.17252541	NaN
0.60778421	6.556665421	-18.17252541	NaN
0.607795803	6.526544094	-18.17252541	NaN
0.607807383	6.531887054	-18.17252541	NaN
0.60781892	6.524036408	-18.17252541	NaN
0.607830523	6.521718502	-18.17252541	NaN
0.6078421	6.514647961	-18.17252541	NaN
0.607853675	6.50452137	-18.17252541	NaN
0.607865246	6.509818077	-18.17252541	NaN
0.607876835	6.514983177	-18.17252541	NaN
0.607888384	6.514535427	-18.17252541	NaN
0.607899944	6.51775074	-18.17252541	NaN
0.607911534	6.519752979	-18.17252541	NaN
0.607923099	6.517614842	-18.17252541	NaN
0.60793468	6.49972105	-18.17252541	NaN
0.607946244	6.502312183	-18.17252541	NaN
0.607957829	6.486051559	-18.17252541	NaN
0.607969412	6.482311249	-18.17252541	NaN
0.607980963	6.492042542	-18.17252541	NaN
0.607992553	6.499016762	-18.17252541	NaN
0.608004114	6.513771534	-18.17252541	NaN
0.608015709	6.462548733	-18.17252541	NaN
0.608027291	6.492565155	-18.17252541	NaN
0.608038852	6.444348335	-18.17252541	NaN
0.608050451	6.485931397	-18.17252541	NaN
0.608062	6.464427471	-18.17252541	NaN
0.608073591	6.485745907	-18.17252541	NaN
0.608085161	6.475949287	-18.17252541	NaN
0.608096709	6.490456104	-18.17252541	NaN
0.608108313	6.46519804	-18.17252541	NaN
0.608119866	6.472409248	-18.17252541	NaN
0.60813147	6.460934639	-18.17252541	NaN
0.608143026	6.474533081	-18.17252541	NaN
0.608154593	6.452484608	-18.17252541	NaN
0.60816617	6.487528801	-18.17252541	NaN
0.60817776	6.468208313	-18.17252541	NaN
0.608189344	6.454292774	-18.17252541	NaN
0.608200886	6.423027515	-18.17252541	NaN
0.608212485	6.435398102	-18.17252541	NaN
0.608224072	6.43233633	-18.17252541	NaN
0.608235643	6.468464375	-18.17252541	NaN
0.608247206	6.449549675	-18.17252541	NaN
0.608258774	6.437595367	-18.17252541	NaN
0.608270348	6.430055618	-18.17252541	NaN
0.608281936	6.447333813	-18.17252541	NaN
0.608293479	6.451754093	-18.17252541	NaN
0.608305063	6.445508003	-18.17252541	NaN
0.608316631	6.447566509	-18.17252541	NaN
0.608328214	6.445852757	-18.17252541	NaN
0.608339792	6.46061039	-18.17252541	NaN
0.608351382	6.466217995	-18.17252541	NaN
0.608362946	6.454882145	-18.17252541	NaN
0.608374513	6.412059784	-18.17252541	NaN
0.608386104	6.417729855	-18.17252541	NaN
0.608397669	6.39715004	-18.17252541	NaN
0.608409236	6.421867371	-18.17252541	NaN
0.608420804	6.407067776	-18.17252541	NaN
0.608432393	6.4209342	-18.17252541	NaN
0.608443951	6.390075684	-18.17252541	NaN
0.608455552	6.428682327	-18.17252541	NaN
0.608467104	6.388019085	-18.17252541	NaN
0.60847869	6.390562534	-18.17252541	NaN
0.608490259	6.397312641	-18.17252541	NaN
0.608501837	6.424592018	-18.17252541	NaN
0.60851344	6.381178379	-18.17252541	NaN
0.608525009	6.390647888	-18.17252541	NaN
0.608536557	6.366853714	-18.17252541	NaN
0.608548146	6.379721165	-18.17252541	NaN
0.608559733	6.349257946	-18.17252541	NaN
0.60857128	6.393230438	-18.17252541	NaN
0.608582884	6.377640724	-18.17252541	NaN
0.608594435	6.369598389	-18.17252541	NaN
0.60860603	6.371380806	-18.17252541	NaN
0.60861758	6.372544289	-18.17252541	NaN
0.608629168	6.376661778	-18.17252541	NaN
0.608640726	6.401509285	-18.17252541	NaN
0.608652315	6.41695118	-18.17252541	NaN
0.608663883	6.430873394	-18.17252541	NaN
0.608675464	6.410669804	-18.17252541	NaN
0.608687055	6.408565998	-18.17252541	NaN
0.60869862	6.390806675	-18.17252541	NaN
0.608710173	6.416333675	-18.17252541	NaN
0.608721765	6.39952898	-18.17252541	NaN
0.608733317	6.342172146	-18.17252541	NaN
0.608744905	6.356211186	-18.17252541	NaN
0.608756489	6.339309216	-18.17252541	NaN
0.608768051	6.349312306	-18.17252541	NaN
0.608779614	6.320426464	-18.17252541	NaN
0.608791179	6.329147816	-18.17252541	NaN
0.608802783	6.340328693	-18.17252541	NaN
0.608814349	6.384460449	-18.17252541	NaN
0.608825938	6.357368946	-18.17252541	NaN
0.608837505	6.341833115	-18.17252541	NaN
0.608849086	6.324887753	-18.17252541	NaN
0.608860665	6.345010757	-18.17252541	NaN
0.608872213	6.333645344	-18.17252541	NaN
0.608883806	6.334501743	-18.17252541	NaN
0.608895371	6.324175835	-18.17252541	NaN
0.608906958	6.314842701	-18.17252541	NaN
0.608918543	6.300711155	-18.17252541	NaN
0.608930105	6.335207462	-18.17252541	NaN
0.608941692	6.312191963	-18.17252541	NaN
0.608953259	6.340866089	-18.17252541	NaN
0.608964832	6.310807228	-18.17252541	NaN
0.608976409	6.299484253	-18.17252541	NaN
0.608987983	6.289483547	-18.17252541	NaN
0.60899954	6.286055565	-18.17252541	NaN
0.60901113	6.312738419	-18.17252541	NaN
0.609022683	6.339793682	-18.17252541	NaN
0.609034273	6.304947376	-18.17252541	NaN
0.609045853	6.888794422	-18.17252541	NaN
0.609057442	6.365398407	-18.17252541	NaN
0.60906898	6.35250473	-18.17252541	NaN
0.609080568	6.328675747	-18.17252541	NaN
0.609092124	6.316720486	-18.17252541	NaN
0.609103719	6.335569382	-18.17252541	NaN
0.609115302	6.331549645	-18.17252541	NaN
0.60912688	6.354005337	-18.17252541	NaN
0.609138452	6.311079502	-18.17252541	NaN
0.609150038	6.337136746	-18.17252541	NaN
0.609161605	7.086945057	-18.17252541	NaN
0.609173178	6.418138504	-18.17252541	NaN
0.609184728	6.355689049	-18.17252541	NaN
0.609196309	6.341851711	-18.17252541	NaN
0.609207899	6.321608067	-18.17252541	NaN
0.60921946	6.334064961	-18.17252541	NaN
0.609231035	6.320095539	-18.17252541	NaN
0.609242597	6.305082798	-18.17252541	NaN
0.60925417	6.305207729	-18.17252541	NaN
0.609265756	6.336750507	-18.17252541	NaN
0.609277336	6.289413452	-18.17252541	NaN
0.609288918	6.301977158	-18.17252541	NaN
0.609300479	6.240255833	-18.17252541	NaN
0.609312074	6.253723145	-18.17252541	NaN
0.60932363	6.243840218	-18.17252541	NaN
0.609335223	6.244549751	-18.17252541	NaN
0.609346777	6.220915794	-18.17252541	NaN
0.60935835	6.238060951	-18.17252541	NaN
0.609369933	6.223876	-18.17252541	NaN
0.609381496	6.256505013	-18.17252541	NaN
0.609393092	6.262216568	-18.17252541	NaN
0.609404668	6.275683403	-18.17252541	NaN
0.609416239	6.264073372	-18.17252541	NaN
0.60942781	6.269358635	-18.17252541	NaN
0.609439382	6.245727062	-18.17252541	NaN
0.609450958	6.227388859	-18.17252541	NaN
0.609462536	6.202754974	-18.17252541	NaN
0.609474127	6.232032776	-18.17252541	NaN
0.609485665	6.226312161	-18.17252541	NaN
0.609497255	6.21639204	-18.17252541	NaN
0.609508831	6.232854366	-18.17252541	NaN
0.609520411	6.223418236	-18.17252541	NaN
0.609531969	6.228383541	-18.17252541	NaN
0.609543549	6.229962826	-18.17252541	NaN
0.60955511	6.193007469	-18.17252541	NaN
0.609566695	6.175626278	-18.17252541	NaN
0.609578274	6.19844532	-18.17252541	NaN
0.609589858	6.184121132	-18.17252541	NaN
0.609601415	6.212539196	-18.17252541	NaN
0.609612992	6.218775749	-18.17252541	NaN
0.609624598	6.253274441	-18.17252541	NaN
0.60963614	6.211607933	-18.17252541	NaN
0.609647729	6.218015194	-18.17252541	NaN
0.609659285	6.172540188	-18.17252541	NaN
0.60967089	6.176389694	-18.17252541	NaN
0.609682436	6.140186787	-18.17252541	NaN
0.609694023	6.161881447	-18.17252541	NaN
0.609705576	6.15527153	-18.17252541	NaN
0.609717185	6.185549736	-18.17252541	NaN
0.60972876	6.149931431	-18.17252541	NaN
0.609740315	6.152326584	-18.17252541	NaN
0.609751889	6.156711102	-18.17252541	NaN
0.609763459	6.186023712	-18.17252541	NaN
0.609775035	6.168955326	-18.17252541	NaN
0.609786625	6.173504829	-18.17252541	NaN
0.609798191	6.163512707	-18.17252541	NaN
0.609809773	6.180910587	-18.17252541	NaN
0.609821339	6.164588928	-18.17252541	NaN
0.6098329	6.211635113	-18.17252541	NaN
0.609844484	6.174189568	-18.17252541	NaN
0.609856059	6.14952898	-18.17252541	NaN
0.609867634	6.198263168	-18.17252541	NaN
0.609879211	6.152932167	-18.17252541	NaN
0.609890783	6.167057037	-18.17252541	NaN
0.609902357	6.157636643	-18.17252541	NaN
0.609913948	6.161553383	-18.17252541	NaN
0.609925514	6.145726204	-18.17252541	NaN
0.60993709	6.148441315	-18.17252541	NaN
0.609948655	6.117496491	-18.17252541	NaN
0.609960232	6.132705689	-18.17252541	NaN
0.609971793	6.132588387	-18.17252541	NaN
0.609983399	6.154164791	-18.17252541	NaN
0.609994969	6.107545376	-18.17252541	NaN
0.610006541	6.135348797	-18.17252541	NaN
0.61001812	6.106115818	-18.17252541	NaN
0.610029679	6.139264584	-18.17252541	NaN
0.610041257	6.124588966	-18.17252541	NaN
0.610052834	6.174034596	-18.17252541	NaN
0.610064389	6.158848286	-18.17252541	NaN
0.610076002	6.136663437	-18.17252541	NaN
0.610087538	6.116914749	-18.17252541	NaN
0.610099143	6.135638237	-18.17252541	NaN
0.610110695	6.106210709	-18.17252541	NaN
0.610122289	6.145330429	-18.17252541	NaN
0.61013385	6.116400719	-18.17252541	NaN
0.610145422	6.135896683	-18.17252541	NaN
0.610157018	6.117465973	-18.17252541	NaN
0.610168574	6.121631622	-18.17252541	NaN
0.610180148	6.134039402	-18.17252541	NaN
0.610191743	6.102907181	-18.17252541	NaN
0.610203307	6.063392162	-18.17252541	NaN
0.610214874	6.081645966	-18.17252541	NaN
0.610226436	6.094646931	-18.17252541	NaN
0.610238024	6.099013329	-18.17252541	NaN
0.610249616	6.089916706	-18.17252541	NaN
0.610261185	6.094091892	-18.17252541	NaN
0.610272735	6.100456715	-18.17252541	NaN
0.610284334	6.109838009	-18.17252541	NaN
0.61029588	6.094467163	-18.17252541	NaN
0.610307479	6.073205948	-18.17252541	NaN
0.610319041	6.066630364	-18.17252541	NaN
0.610330628	6.055301666	-18.17252541	NaN
0.610342194	6.049957752	-18.17252541	NaN
0.610353783	6.027391911	-18.17252541	NaN
0.610365369	6.057767868	-18.17252541	NaN
0.610376917	6.01611805	-18.17252541	NaN
0.610388488	6.030055523	-18.17252541	NaN
0.610400067	6.011146069	-18.17252541	NaN
0.610411644	6.050708294	-18.17252541	NaN
0.610423217	6.021823406	-18.17252541	NaN
0.6104348	6.036286831	-18.17252541	NaN
0.610446369	6.041920662	-18.17252541	NaN
0.610457949	6.072431088	-18.17252541	NaN
0.610469514	6.043035507	-18.17252541	NaN
0.610481114	6.035384655	-18.17252541	NaN
0.610492686	6.058366776	-18.17252541	NaN
0.610504244	6.059824944	-18.17252541	NaN
0.610515827	5.993205071	-18.17252541	NaN
0.610527384	6.016142845	-18.17252541	NaN
0.610538958	6.034927368	-18.17252541	NaN
0.610550547	6.070796967	-18.17252541	NaN
0.610562126	6.047484875	-18.17252541	NaN
0.610573671	6.066644192	-18.17252541	NaN
0.610585275	6.060542584	-18.17252541	NaN
0.610596856	6.059407234	-18.17252541	NaN
0.610608403	6.041178703	-18.17252541	NaN
0.610619996	6.019021988	-18.17252541	NaN
0.610631563	5.997452259	-18.17252541	NaN
0.610643122	6.00457859	-18.17252541	NaN
0.610654717	5.995298863	-18.17252541	NaN
0.610666301	5.994540691	-18.17252541	NaN
0.610677846	5.983063698	-18.17252541	NaN
0.610689418	5.999637127	-18.17252541	NaN
0.61070102	6.024535656	-18.17252541	NaN
0.610712583	5.972251892	-18.17252541	NaN
0.610724162	5.988016129	-18.17252541	NaN
0.61073573	5.968406677	-18.17252541	NaN
0.610747335	6.02213192	-18.17252541	NaN
0.610758873	6.002286911	-18.17252541	NaN
0.610770454	6.022212982	-18.17252541	NaN
0.610782036	5.995740414	-18.17252541	NaN
0.610793602	6.003155708	-18.17252541	NaN
0.610805191	5.997800827	-18.17252541	NaN
0.610816764	5.95803833	-18.17252541	NaN
0.61082833	5.942461968	-18.17252541	NaN
0.610839906	5.959932327	-18.17252541	NaN
0.610851466	5.929263115	-18.17252541	NaN
0.610863067	5.950572014	-18.17252541	NaN
0.610874614	5.930438519	-18.17252541	NaN
0.610886204	5.965211391	-18.17252541	NaN
0.610897792	5.925179958	-18.17252541	NaN
0.610909355	5.954721451	-18.17252541	NaN
0.610920925	5.941967964	-18.17252541	NaN
0.610932505	5.962915421	-18.17252541	NaN
0.610944077	5.965181828	-18.17252541	NaN
0.610955652	5.973655224	-18.17252541	NaN
0.610967223	5.947349548	-18.17252541	NaN
0.610978794	5.946208477	-18.17252541	NaN
0.610990369	5.935248852	-18.17252541	NaN
0.61100195	5.958037376	-18.17252541	NaN
0.611013505	5.940634728	-18.17252541	NaN
0.611025101	5.936323166	-18.17252541	NaN
0.611036672	5.935511589	-18.17252541	NaN
0.611048255	5.923051357	-18.17252541	NaN
0.611059832	5.961104393	-18.17252541	NaN
0.611071398	5.92006588	-18.17252541	NaN
0.611082964	5.957087994	-18.17252541	NaN
0.611094561	5.928003788	-18.17252541	NaN
0.611106134	5.948150635	-18.17252541	NaN
0.611117698	5.917084694	-18.17252541	NaN
0.611129271	5.932662964	-18.17252541	NaN
0.611140851	5.921270847	-18.17252541	NaN
0.61115243	5.924855232	-18.17252541	NaN
0.611163987	5.914449692	-18.17252541	NaN
0.611175558	5.884884834	-18.17252541	NaN
0.61118715	5.89197588	-18.17252541	NaN
0.611198727	5.905775547	-18.17252541	NaN
0.611210298	5.883379459	-18.17252541	NaN
0.611221851	5.927915573	-18.17252541	NaN
0.611233441	5.879034042	-18.17252541	NaN
0.61124502	5.881675243	-18.17252541	NaN
0.611256586	5.875375271	-18.17252541	NaN
0.611268177	5.880837917	-18.17252541	NaN
0.611279752	5.855532646	-18.17252541	NaN
0.611291316	5.862134934	-18.17252541	NaN
0.611302901	5.867018223	-18.17252541	NaN
0.61131447	5.896924973	-18.17252541	NaN
0.61132603	5.868114471	-18.17252541	NaN
0.611337598	5.894383907	-18.17252541	NaN
0.611349187	5.867226601	-18.17252541	NaN
0.611360752	5.875720024	-18.17252541	NaN
0.611372362	5.883996487	-18.17252541	NaN
0.611383908	5.894742012	-18.17252541	NaN
0.611395469	5.897834301	-18.17252541	NaN
0.611407056	5.881838799	-18.17252541	NaN
0.611418621	5.877086163	-18.17252541	NaN
0.611430203	5.858587742	-18.17252541	NaN
0.611441792	5.859120846	-18.17252541	NaN
0.611453357	5.845604897	-18.17252541	NaN
0.611464946	5.817053795	-18.17252541	NaN
0.611476514	5.814980507	-18.17252541	NaN
0.611488093	5.838045597	-18.17252541	NaN
0.611499663	5.854280949	-18.17252541	NaN
0.611511235	5.820872307	-18.17252541	NaN
0.61152281	5.854830265	-18.17252541	NaN
0.611534385	5.840421677	-18.17252541	NaN
0.611545958	5.802331924	-18.17252541	NaN
0.611557518	5.830722332	-18.17252541	NaN
0.611569094	5.809455872	-18.17252541	NaN
0.611580699	5.828511715	-18.17252541	NaN
0.611592264	5.809359551	-18.17252541	NaN
0.611603825	5.811482906	-18.17252541	NaN
0.611615398	5.773228645	-18.17252541	NaN
0.611626986	5.85152626	-18.17252541	NaN
0.611638538	5.836418629	-18.17252541	NaN
0.611650103	5.837771893	-18.17252541	NaN
0.611661708	5.799794674	-18.17252541	NaN
0.61167325	5.83174181	-18.17252541	NaN
0.611684839	5.825263023	-18.17252541	NaN
0.611696419	5.850468636	-18.17252541	NaN
0.611707986	5.818857193	-18.17252541	NaN
0.611719552	5.83079958	-18.17252541	NaN
0.611731165	5.784533978	-18.17252541	NaN
0.61174271	5.802087307	-18.17252541	NaN
0.611754285	5.745540619	-18.17252541	NaN
0.611765858	5.778383255	-18.17252541	NaN
0.611777456	5.752765656	-18.17252541	NaN
0.611789023	5.754580021	-18.17252541	NaN
0.611800569	5.761321068	-18.17252541	NaN
0.611812156	5.742449284	-18.17252541	NaN
0.611823725	5.738859654	-18.17252541	NaN
0.611835322	5.744504929	-18.17252541	NaN
0.611846881	5.729771137	-18.17252541	NaN
0.611858477	5.725224018	-18.17252541	NaN
0.611870031	5.713297844	-18.17252541	NaN
0.611881597	5.699895382	-18.17252541	NaN
0.611893183	5.756521702	-18.17252541	NaN
0.611904761	5.725740433	-18.17252541	NaN
0.611916324	5.730931759	-18.17252541	NaN
0.611927903	5.694543839	-18.17252541	NaN
0.611939472	5.715743065	-18.17252541	NaN
0.611951061	5.694849014	-18.17252541	NaN
0.61196265	5.714895248	-18.17252541	NaN
0.6119742	5.68585062	-18.17252541	NaN
0.611985767	5.716471195	-18.17252541	NaN
0.611997344	5.727450371	-18.17252541	NaN
0.612008919	5.73552084	-18.17252541	NaN
0.612020523	5.709598541	-18.17252541	NaN
0.612032084	5.740265846	-18.17252541	NaN
0.612043636	5.713605404	-18.17252541	NaN
0.612055227	5.724956513	-18.17252541	NaN
0.612066791	5.695446014	-18.17252541	NaN
0.612078395	5.724422455	-18.17252541	NaN
0.612089932	5.699426174	-18.17252541	NaN
0.612101519	5.705209255	-18.17252541	NaN
0.612113087	5.695257664	-18.17252541	NaN
0.612124676	5.688022614	-18.17252541	NaN
0.612136232	5.680724621	-18.17252541	NaN
0.61214784	5.707770824	-18.17252541	NaN
0.612159382	5.683499813	-18.17252541	NaN
0.61217096	5.676542759	-18.17252541	NaN
0.612182551	5.650212765	-18.17252541	NaN
0.612194112	5.655393124	-18.17252541	NaN
0.612205675	5.642316341	-18.17252541	NaN
0.612217253	5.63574934	-18.17252541	NaN
0.61222884	5.619362831	-18.17252541	NaN
0.612240407	5.611617088	-18.17252541	NaN
0.612252003	5.608314037	-18.17252541	NaN
0.612263557	5.603943348	-18.17252541	NaN
0.612275125	5.626554489	-18.17252541	NaN
0.612286703	5.627289772	-18.17252541	NaN
0.61229829	5.621957302	-18.17252541	NaN
0.612309847	5.594295502	-18.17252541	NaN
0.612321439	5.614105701	-18.17252541	NaN
0.612333009	5.606802464	-18.17252541	NaN
0.612344574	5.623016834	-18.17252541	NaN
0.612356147	5.602766991	-18.17252541	NaN
0.612367737	5.621744633	-18.17252541	NaN
0.612379293	5.62130928	-18.17252541	NaN
0.612390887	5.658674717	-18.17252541	NaN
0.612402462	5.585212231	-18.17252541	NaN
0.612414034	5.6143713	-18.17252541	NaN
0.612425608	5.582497597	-18.17252541	NaN
0.612437162	5.60712862	-18.17252541	NaN
0.61244876	5.567435265	-18.17252541	NaN
0.612460331	5.574845791	-18.17252541	NaN
0.61247189	5.55884409	-18.17252541	NaN
0.612483466	5.594406128	-18.17252541	NaN
0.61249503	5.579096317	-18.17252541	NaN
0.612506624	5.587619782	-18.17252541	NaN
0.612518189	5.564078808	-18.17252541	NaN
0.612529769	5.597788811	-18.17252541	NaN
0.612541343	5.561624527	-18.17252541	NaN
0.612552895	5.571907044	-18.17252541	NaN
0.612564481	5.554330349	-18.17252541	NaN
0.612576055	5.584134579	-18.17252541	NaN
0.612587632	5.582642078	-18.17252541	NaN
0.6125992	5.594493866	-18.17252541	NaN
0.612610775	5.603997707	-18.17252541	NaN
0.612622368	5.62449646	-18.17252541	NaN
0.612633938	5.576574326	-18.17252541	NaN
0.612645522	5.55769825	-18.17252541	NaN
0.612657078	5.534594059	-18.17252541	NaN
0.612668651	5.523696423	-18.17252541	NaN
0.612680216	5.540174484	-18.17252541	NaN
0.61269183	5.531923294	-18.17252541	NaN
0.612703387	5.52756691	-18.17252541	NaN
0.612714955	5.488650799	-18.17252541	NaN
0.61272654	5.504455566	-18.17252541	NaN
0.612738128	5.479795933	-18.17252541	NaN
0.612749677	5.53044796	-18.17252541	NaN
0.612761263	5.478339672	-18.17252541	NaN
0.612772824	5.497175217	-18.17252541	NaN
0.612784383	5.481554031	-18.17252541	NaN
0.612795971	5.500859737	-18.17252541	NaN
0.612807542	5.453050613	-18.17252541	NaN
0.612819122	5.484144211	-18.17252541	NaN
0.61283071	5.454846859	-18.17252541	NaN
0.612842274	5.466593742	-18.17252541	NaN
0.612853853	5.450083733	-18.17252541	NaN
0.612865433	5.46094799	-18.17252541	NaN
0.612876992	5.416024208	-18.17252541	NaN
0.612888568	5.457210064	-18.17252541	NaN
0.612900152	5.450158119	-18.17252541	NaN
0.612911718	5.467555523	-18.17252541	NaN
0.612923301	5.444833279	-18.17252541	NaN
0.612934875	5.439771652	-18.17252541	NaN
0.612946433	5.440474987	-18.17252541	NaN
0.612958017	5.420596123	-18.17252541	NaN
0.61296959	5.425828934	-18.17252541	NaN
0.612981183	5.435353279	-18.17252541	NaN
0.612992752	5.404106617	-18.17252541	NaN
0.613004293	5.380682945	-18.17252541	NaN
0.613015882	5.366612911	-18.17252541	NaN
0.61302746	5.362950802	-18.17252541	NaN
0.613039031	5.365435123	-18.17252541	NaN
0.613050605	5.39800787	-18.17252541	NaN
0.613062193	5.406857967	-18.17252541	NaN
0.613073756	5.376406193	-18.17252541	NaN
0.61308535	5.380003929	-18.17252541	NaN
0.613096914	5.373408318	-18.17252541	NaN
0.613108485	5.390628338	-18.17252541	NaN
0.613120052	5.355923653	-18.17252541	NaN
0.613131621	5.372792244	-18.17252541	NaN
0.613143184	5.404835224	-18.17252541	NaN
0.613154774	5.396347046	-18.17252541	NaN
0.613166348	5.391414166	-18.17252541	NaN
0.613177925	5.416556358	-18.17252541	NaN
0.613189499	5.347238541	-18.17252541	NaN
0.613201101	5.392201424	-18.17252541	NaN
0.613212653	5.343450546	-18.17252541	NaN
0.613224219	5.354596138	-18.17252541	NaN
0.61323579	5.316985607	-18.17252541	NaN
0.613247372	5.320302486	-18.17252541	NaN
0.613258955	5.271807194	-18.17252541	NaN
0.613270532	5.292675495	-18.17252541	NaN
0.613282084	5.261956215	-18.17252541	NaN
0.613293669	5.282109261	-18.17252541	NaN
0.613305233	5.284157753	-18.17252541	NaN
0.613316844	5.267779827	-18.17252541	NaN
0.613328404	5.277887821	-18.17252541	NaN
0.61333996	5.279175758	-18.17252541	NaN
0.613351541	5.277600765	-18.17252541	NaN
0.613363105	5.289939404	-18.17252541	NaN
0.613374685	5.272206783	-18.17252541	NaN
0.613386282	5.276500225	-18.17252541	NaN
0.613397863	5.270431042	-18.17252541	NaN
0.613409438	5.323735237	-18.17252541	NaN
0.613420987	5.242274284	-18.17252541	NaN
0.613432562	5.2330966	-18.17252541	NaN
0.613444132	5.235553265	-18.17252541	NaN
0.613455714	5.215913773	-18.17252541	NaN
0.613467266	5.217967987	-18.17252541	NaN
0.613478854	5.180352688	-18.17252541	NaN
0.613490428	5.17997551	-18.17252541	NaN
0.613502027	5.176259995	-18.17252541	NaN
0.613513582	5.21305275	-18.17252541	NaN
0.613525156	5.174749851	-18.17252541	NaN
0.61353671	5.198952675	-18.17252541	NaN
0.613548312	5.178496838	-18.17252541	NaN
0.61355987	5.183871746	-18.17252541	NaN
0.61357145	5.14444685	-18.17252541	NaN
0.613583026	5.158461571	-18.17252541	NaN
0.613594618	5.124637604	-18.17252541	NaN
0.613606197	5.168863773	-18.17252541	NaN
0.61361775	5.157783508	-18.17252541	NaN
0.613629336	5.15387249	-18.17252541	NaN
0.613640907	5.132351399	-18.17252541	NaN
0.613652474	5.139780521	-18.17252541	NaN
0.613664067	5.121676922	-18.17252541	NaN
0.613675628	5.151772976	-18.17252541	NaN
0.613687199	5.160392284	-18.17252541	NaN
0.613698773	5.173471451	-18.17252541	NaN
0.613710336	5.132698536	-18.17252541	NaN
0.61372191	5.121805191	-18.17252541	NaN
0.613733493	5.07927084	-18.17252541	NaN
0.613745063	5.103103161	-18.17252541	NaN
0.613756656	5.05928421	-18.17252541	NaN
0.613768218	5.024429321	-18.17252541	NaN
0.613779792	5.012111664	-18.17252541	NaN
0.61379136	5.03420496	-18.17252541	NaN
0.613802963	5.030246258	-18.17252541	NaN
0.613814511	5.001080036	-18.17252541	NaN
0.613826083	4.986674786	-18.17252541	NaN
0.613837667	4.969637394	-18.17252541	NaN
0.613849236	4.956792355	-18.17252541	NaN
0.613860809	4.955529213	-18.17252541	NaN
0.613872398	4.966045857	-18.17252541	NaN
0.61388397	4.925086498	-18.17252541	NaN
0.613895532	4.948662281	-18.17252541	NaN
0.613907094	4.93087244	-18.17252541	NaN
0.613918693	4.962153912	-18.17252541	NaN
0.613930269	4.918516636	-18.17252541	NaN
0.613941829	4.923732758	-18.17252541	NaN
0.613953429	4.878036499	-18.17252541	NaN
0.613964993	4.874866486	-18.17252541	NaN
0.613976566	4.873767376	-18.17252541	NaN
0.613988125	4.856606484	-18.17252541	NaN
0.613999682	4.815742016	-18.17252541	NaN
0.614011267	4.832746983	-18.17252541	NaN
0.614022863	4.818523884	-18.17252541	NaN
0.614034435	4.852506161	-18.17252541	NaN
0.614045983	4.787216187	-18.17252541	NaN
0.614057556	4.792574406	-18.17252541	NaN
0.614069129	4.774466991	-18.17252541	NaN
0.614080746	4.770760536	-18.17252541	NaN
0.614092306	4.74788475	-18.17252541	NaN
0.614103853	4.759841919	-18.17252541	NaN
0.614115451	4.726426601	-18.17252541	NaN
0.614127026	4.735407352	-18.17252541	NaN
0.614138602	4.70379591	-18.17252541	NaN
0.614150168	4.802780151	-18.17252541	NaN
0.614161735	4.664924622	-18.17252541	NaN
0.614173296	4.642702103	-18.17252541	NaN
0.614184876	4.605331898	-18.17252541	NaN
0.614196474	4.590276241	-18.17252541	NaN
0.614208058	4.607044697	-18.17252541	NaN
0.614219624	4.609577179	-18.17252541	NaN
0.614231169	4.587905407	-18.17252541	NaN
0.614242754	4.57164526	-18.17252541	NaN
0.61425435	4.573190212	-18.17252541	NaN
0.614265922	4.532094002	-18.17252541	NaN
0.614277477	4.550254345	-18.17252541	NaN
0.61428906	4.523055077	-18.17252541	NaN
0.614300625	4.587362289	-18.17252541	NaN
0.614312206	4.561619759	-18.17252541	NaN
0.614323781	4.584351063	-18.17252541	NaN
0.614335348	4.545267105	-18.17252541	NaN
0.614346935	4.556540966	-18.17252541	NaN
0.614358518	4.478460312	-18.17252541	NaN
0.6143701	4.444320679	-18.17252541	NaN
0.614381623	4.420825481	-18.17252541	NaN
0.614393237	4.425537586	-18.17252541	NaN
0.614404811	4.381449699	-18.17252541	NaN
0.614416372	4.464497089	-18.17252541	NaN
0.614427954	4.336293221	-18.17252541	NaN
0.614439519	4.326853752	-18.17252541	NaN
0.614451122	4.288068771	-18.17252541	NaN
0.614462657	4.326791763	-18.17252541	NaN
0.614474227	4.325821877	-18.17252541	NaN
0.614485827	4.325270176	-18.17252541	NaN
0.614497399	4.2702384	-18.17252541	NaN
0.614508975	4.255483151	-18.17252541	NaN
0.614520547	4.251803875	-18.17252541	NaN
0.61453213	4.255210877	-18.17252541	NaN
0.614543691	4.217603207	-18.17252541	NaN
0.614555288	4.207785606	-18.17252541	NaN
0.614566846	4.175187111	-18.17252541	NaN
0.614578403	4.170203209	-18.17252541	NaN
0.61458999	4.15411377	-18.17252541	NaN
0.614601559	4.122061253	-18.17252541	NaN
0.614613129	4.105418205	-18.17252541	NaN
0.614624739	4.079109192	-18.17252541	NaN
0.614636276	4.09533596	-18.17252541	NaN
0.614647875	4.081781864	-18.17252541	NaN
0.614659452	4.109603882	-18.17252541	NaN
0.61467099	4.069385529	-18.17252541	NaN
0.614682592	4.080244064	-18.17252541	NaN
0.614694183	4.044834137	-18.17252541	NaN
0.614705756	4.058032036	-18.17252541	NaN
0.614717307	4.007710934	-18.17252541	NaN
0.614728876	4.012576103	-18.17252541	NaN
0.614740459	4.008413315	-18.17252541	NaN
0.614752038	4.039822578	-18.17252541	NaN
0.614763629	3.985559225	-18.17252541	NaN
0.614775193	3.991028547	-18.17252541	NaN
0.614786762	3.970163107	-18.17252541	NaN
0.614798313	3.984275818	-18.17252541	NaN
0.614809891	3.955815077	-18.17252541	NaN
0.614821466	3.983294725	-18.17252541	NaN
0.61483303	3.980721712	-18.17252541	NaN
0.614844627	3.992835999	-18.17252541	NaN
0.61485621	3.949960947	-18.17252541	NaN
0.614867785	4.006293774	-18.17252541	NaN
0.614879361	3.94709301	-18.17252541	NaN
0.614890915	3.959729195	-18.17252541	NaN
0.614902493	3.928484678	-18.17252541	NaN
0.614914084	3.900606871	-18.17252541	NaN
0.614925642	3.873742104	-18.17252541	NaN
0.614937214	3.902733803	-18.17252541	NaN
0.614948806	3.978382349	-18.17252541	NaN
0.614960381	3.901000977	-18.17252541	NaN
0.61497194	3.890779734	-18.17252541	NaN
0.614983505	3.874593496	-18.17252541	NaN
0.61499509	3.867931843	-18.17252541	NaN
0.615006667	3.858972073	-18.17252541	NaN
0.615018241	3.867644787	-18.17252541	NaN
0.615029833	3.863791943	-18.17252541	NaN
0.615041383	3.840526104	-18.17252541	NaN
0.61505296	3.838118792	-18.17252541	NaN
0.615064532	3.84218502	-18.17252541	NaN
0.615076103	3.82341814	-18.17252541	NaN
0.615087688	3.836561918	-18.17252541	NaN
0.61509927	3.813387632	-18.17252541	NaN
0.615110833	3.8255198	-18.17252541	NaN
0.615122404	3.803809166	-18.17252541	NaN
0.615133996	3.822229385	-18.17252541	NaN
0.615145543	3.79253459	-18.17252541	NaN
0.615157147	3.795989037	-18.17252541	NaN
0.615168704	3.760691166	-18.17252541	NaN
0.615180268	3.768702507	-18.17252541	NaN
0.615191862	3.755201817	-18.17252541	NaN
0.61520342	3.77142024	-18.17252541	NaN
0.615215012	3.754937887	-18.17252541	NaN
0.615226581	3.763303757	-18.17252541	NaN
0.615238147	3.745132923	-18.17252541	NaN
0.615249724	3.761851549	-18.17252541	NaN
0.615261293	3.766799212	-18.17252541	NaN
0.61527287	3.764683485	-18.17252541	NaN
0.615284457	3.749899864	-18.17252541	NaN
0.615295998	3.767979145	-18.17252541	NaN
0.615307602	3.744013786	-18.17252541	NaN
0.615319168	3.754520178	-18.17252541	NaN
0.615330739	3.731598139	-18.17252541	NaN
0.615342296	3.717810154	-18.17252541	NaN
0.615353897	3.73049736	-18.17252541	NaN
0.615365463	3.719114065	-18.17252541	NaN
0.615377044	3.700829268	-18.17252541	NaN
0.61538862	3.691662788	-18.17252541	NaN
0.615400181	3.689040899	-18.17252541	NaN
0.615411754	3.695940733	-18.17252541	NaN
0.615423333	3.712198496	-18.17252541	NaN
0.6154349	3.716235638	-18.17252541	NaN
0.615446469	3.740227461	-18.17252541	NaN
0.615458062	3.720178366	-18.17252541	NaN
0.615469634	3.74530983	-18.17252541	NaN
0.615481186	3.726323128	-18.17252541	NaN
0.615492773	3.748485088	-18.17252541	NaN
0.615504332	3.71027422	-18.17252541	NaN
0.615515939	3.707746267	-18.17252541	NaN
0.615527503	3.694683313	-18.17252541	NaN
0.615539069	3.713799	-18.17252541	NaN
0.61555063	3.699809551	-18.17252541	NaN
0.615562216	3.731801033	-18.17252541	NaN
0.615573786	3.716531515	-18.17252541	NaN
0.615585378	3.725323916	-18.17252541	NaN
0.615596955	3.691692591	-18.17252541	NaN
0.615608526	3.692788124	-18.17252541	NaN
0.615620096	3.664555788	-18.17252541	NaN
0.615631678	3.69750762	-18.17252541	NaN
0.615643251	3.664705753	-18.17252541	NaN
0.615654804	3.661297321	-18.17252541	NaN
0.615666383	3.643888474	-18.17252541	NaN
0.615677988	3.320628882	-18.17252541	NaN
0.615689549	3.575050592	-18.17252541	NaN
0.615701097	3.625145674	-18.17252541	NaN
0.615712692	3.600694656	-18.17252541	NaN
0.615724262	3.625585556	-18.17252541	NaN
0.615735845	3.626284599	-18.17252541	NaN
0.615747428	3.630524635	-18.17252541	NaN
0.615758999	3.62388134	-18.17252541	NaN
0.61577058	3.64455986	-18.17252541	NaN
0.615782142	3.653566361	-18.17252541	NaN
0.615793694	3.610071182	-18.17252541	NaN
0.615805286	3.608868599	-18.17252541	NaN
0.615816872	3.606527567	-18.17252541	NaN
0.61582843	3.618698597	-18.17252541	NaN
0.615839993	3.593813181	-18.17252541	NaN
0.615851557	3.61093235	-18.17252541	NaN
0.615863177	3.582029104	-18.17252541	NaN
0.615874748	3.598588705	-18.17252541	NaN
0.615886294	3.585906029	-18.17252541	NaN
0.615897886	3.592185736	-18.17252541	NaN
0.615909453	3.579589129	-18.17252541	NaN
0.615921014	3.588577986	-18.17252541	NaN
0.615932621	3.570134163	-18.17252541	NaN
0.615944169	3.612065554	-18.17252541	NaN
0.61595575	3.588603497	-18.17252541	NaN
0.615967312	3.617129087	-18.17252541	NaN
0.615978888	3.579605818	-18.17252541	NaN
0.615990457	3.596486807	-18.17252541	NaN
0.616002052	3.560499668	-18.17252541	NaN
0.616013623	3.568795443	-18.17252541	NaN
0.616025202	3.557793856	-18.17252541	NaN
0.616036757	3.576963902	-18.17252541	NaN
0.616048344	3.553502321	-18.17252541	NaN
0.616059904	3.577847242	-18.17252541	NaN
0.616071467	3.568097591	-18.17252541	NaN
0.616083052	3.603368044	-18.17252541	NaN
0.616094617	3.569452047	-18.17252541	NaN
0.616106195	3.572716951	-18.17252541	NaN
0.616117772	3.57057786	-18.17252541	NaN
0.616129355	3.560515404	-18.17252541	NaN
0.616140937	3.545585394	-18.17252541	NaN
0.616152524	3.543296814	-18.17252541	NaN
0.616164078	3.555487871	-18.17252541	NaN
0.616175653	3.555587769	-18.17252541	NaN
0.616187228	3.567586899	-18.17252541	NaN
0.616198827	3.56976223	-18.17252541	NaN
0.616210373	3.580849648	-18.17252541	NaN
0.616221953	3.568101645	-18.17252541	NaN
0.616233531	3.566637993	-18.17252541	NaN
0.6162451	3.548488379	-18.17252541	NaN
0.616256666	3.557466507	-18.17252541	NaN
0.616268227	3.533144474	-18.17252541	NaN
0.61627983	3.538213491	-18.17252541	NaN
0.616291397	3.518172503	-18.17252541	NaN
0.61630297	3.537542582	-18.17252541	NaN
0.616314543	3.507638216	-18.17252541	NaN
0.616326119	3.53221345	-18.17252541	NaN
0.616337684	3.517100573	-18.17252541	NaN
0.616349268	3.54396677	-18.17252541	NaN
0.616360849	3.513866425	-18.17252541	NaN
0.616372403	3.532813549	-18.17252541	NaN
0.616384004	3.506430864	-18.17252541	NaN
0.616395574	3.529810906	-18.17252541	NaN
0.616407144	3.50121522	-18.17252541	NaN
0.61641872	3.52047205	-18.17252541	NaN
0.616430277	3.496103048	-18.17252541	NaN
0.616441881	3.530809641	-18.17252541	NaN
0.616453446	3.51230216	-18.17252541	NaN
0.616464992	3.520459652	-18.17252541	NaN
0.616476592	3.49252677	-18.17252541	NaN
0.616488162	3.513184309	-18.17252541	NaN
0.616499723	3.509164572	-18.17252541	NaN
0.616511318	3.516861439	-18.17252541	NaN
0.616522889	3.505098105	-18.17252541	NaN
0.616534453	3.503059626	-18.17252541	NaN
0.616546028	3.498486042	-18.17252541	NaN
0.616557603	3.501900911	-18.17252541	NaN
0.616569168	3.49262929	-18.17252541	NaN
0.616580751	3.502621651	-18.17252541	NaN
0.616592338	3.509252548	-18.17252541	NaN
0.616603908	3.51023531	-18.17252541	NaN
0.616615464	3.497494221	-18.17252541	NaN
0.616627059	3.483382464	-18.17252541	NaN
0.616638628	3.49220109	-18.17252541	NaN
0.616650175	3.476609945	-18.17252541	NaN
0.616661762	3.495460987	-18.17252541	NaN
0.616673364	3.46372509	-18.17252541	NaN
0.616684928	3.482691765	-18.17252541	NaN
0.616696515	3.477650404	-18.17252541	NaN
0.616708061	3.498000145	-18.17252541	NaN
0.616719641	3.474990368	-18.17252541	NaN
0.61673123	3.49170661	-18.17252541	NaN
0.616742809	3.473653317	-18.17252541	NaN
0.61675435	3.484518051	-18.17252541	NaN
0.616765938	3.455593348	-18.17252541	NaN
0.616777503	3.480293036	-18.17252541	NaN
0.616789092	3.453953981	-18.17252541	NaN
0.616800666	3.491326809	-18.17252541	NaN
0.616812216	3.472576857	-18.17252541	NaN
0.616823803	3.474434614	-18.17252541	NaN
0.616835383	3.455985069	-18.17252541	NaN
0.616846976	3.460751057	-18.17252541	NaN
0.616858555	3.459837437	-18.17252541	NaN
0.616870099	3.468044043	-18.17252541	NaN
0.616881691	3.448550701	-18.17252541	NaN
0.616893264	3.466220379	-18.17252541	NaN
0.616904832	3.454735994	-18.17252541	NaN
0.616916423	3.456246376	-18.17252541	NaN
0.616927988	3.448284149	-18.17252541	NaN
0.616939566	3.460523844	-18.17252541	NaN
0.616951117	3.455887795	-18.17252541	NaN
0.616962694	3.465594292	-18.17252541	NaN
0.616974296	3.464093447	-18.17252541	NaN
0.616985868	3.452766657	-18.17252541	NaN
0.616997429	3.452355146	-18.17252541	NaN
0.617008995	3.439499855	-18.17252541	NaN
0.617020555	3.448704481	-18.17252541	NaN
0.617032134	3.430598021	-18.17252541	NaN
0.617043723	3.44224	-18.17252541	NaN
0.617055301	3.422003508	-18.17252541	NaN
0.617066836	3.439181566	-18.17252541	NaN
0.617078463	3.420828104	-18.17252541	NaN
0.617090005	3.441132546	-18.17252541	NaN
0.617101609	3.425646782	-18.17252541	NaN
0.617113155	3.446810722	-18.17252541	NaN
0.617124738	3.430040598	-18.17252541	NaN
0.617136323	3.445299864	-18.17252541	NaN
0.617147908	3.416740418	-18.17252541	NaN
0.61715944	3.442282438	-18.17252541	NaN
0.617171038	3.424317837	-18.17252541	NaN
0.617182612	3.437037468	-18.17252541	NaN
0.617194204	3.422796011	-18.17252541	NaN
0.617205767	3.437570334	-18.17252541	NaN
0.617217313	3.425423384	-18.17252541	NaN
0.6172289	3.437110186	-18.17252541	NaN
0.617240491	3.417997599	-18.17252541	NaN
0.617252065	3.429902077	-18.17252541	NaN
0.617263623	3.413060427	-18.17252541	NaN
0.617275201	3.424995184	-18.17252541	NaN
0.617286789	3.410929918	-18.17252541	NaN
0.617298346	3.419883013	-18.17252541	NaN
0.617309909	3.415419817	-18.17252541	NaN
0.617321497	3.419080496	-18.17252541	NaN
0.617333071	3.410622597	-18.17252541	NaN
0.617344653	3.403129816	-18.17252541	NaN
0.617356222	3.406345606	-18.17252541	NaN
0.617367778	3.402849436	-18.17252541	NaN
0.617379348	3.413343191	-18.17252541	NaN
0.617390943	3.421544552	-18.17252541	NaN
0.617402506	3.419346333	-18.17252541	NaN
0.61741408	3.404670715	-18.17252541	NaN
0.617425678	3.404746771	-18.17252541	NaN
0.617437259	3.393895865	-18.17252541	NaN
0.617448825	3.415219307	-18.17252541	NaN
0.617460385	3.388496399	-18.17252541	NaN
0.617471963	3.413763046	-18.17252541	NaN
0.617483531	3.39281106	-18.17252541	NaN
0.617495112	3.422154188	-18.17252541	NaN
0.617506685	3.403402329	-18.17252541	NaN
0.61751826	3.427898407	-18.17252541	NaN
0.617529834	3.413246155	-18.17252541	NaN
0.617541417	3.423810959	-18.17252541	NaN
0.617552978	3.40137744	-18.17252541	NaN
0.617564547	3.407675743	-18.17252541	NaN
0.617576129	3.384152889	-18.17252541	NaN
0.617587695	3.399635553	-18.17252541	NaN
0.617599288	3.373559475	-18.17252541	NaN
0.617610864	3.472091436	-18.17252541	NaN
0.617622444	3.371132612	-18.17252541	NaN
0.61763399	3.38090229	-18.17252541	NaN
0.617645586	3.363147497	-18.17252541	NaN
0.617657161	3.372892857	-18.17252541	NaN
0.617668733	3.364721537	-18.17252541	NaN
0.617680298	3.376247406	-18.17252541	NaN
0.617691872	3.377271891	-18.17252541	NaN
0.61770343	3.385018587	-18.17252541	NaN
0.617715024	3.386336327	-18.17252541	NaN
0.617726575	3.392902851	-18.17252541	NaN
0.61773818	3.386044979	-18.17252541	NaN
0.61774974	3.391306162	-18.17252541	NaN
0.617761307	3.392206192	-18.17252541	NaN
0.617772874	3.400744915	-18.17252541	NaN
0.61778445	3.39285326	-18.17252541	NaN
0.617796033	3.388970852	-18.17252541	NaN
0.617807626	3.399431706	-18.17252541	NaN
0.617819167	3.374189854	-18.17252541	NaN
0.617830754	3.398588181	-18.17252541	NaN
0.617842346	3.383558273	-18.17252541	NaN
0.617853917	3.392675638	-18.17252541	NaN
0.617865507	3.370546341	-18.17252541	NaN
0.61787705	3.388616085	-18.17252541	NaN
0.617888632	3.364425421	-18.17252541	NaN
0.617900213	3.379547119	-18.17252541	NaN
0.617911775	3.370687008	-18.17252541	NaN
0.617923373	3.396791935	-18.17252541	NaN
0.617934935	3.368211985	-18.17252541	NaN
0.617946516	3.380289078	-18.17252541	NaN
0.617958076	3.357599497	-18.17252541	NaN
0.617969644	3.37619853	-18.17252541	NaN
0.617981227	3.3487041	-18.17252541	NaN
0.617992812	3.368928671	-18.17252541	NaN
0.618004364	3.349828959	-18.17252541	NaN
0.618015942	3.362155199	-18.17252541	NaN
0.618027522	3.348686934	-18.17252541	NaN
0.618039117	3.356755734	-18.17252541	NaN
0.618050665	3.353000403	-18.17252541	NaN
0.61806224	3.363106251	-18.17252541	NaN
0.618073818	3.345119476	-18.17252541	NaN
0.618085398	3.374736786	-18.17252541	NaN
0.618096949	3.34360671	-18.17252541	NaN
0.618108543	3.359502077	-18.17252541	NaN
0.618120126	3.352809429	-18.17252541	NaN
0.618131673	3.358997583	-18.17252541	NaN
0.618143271	3.349897385	-18.17252541	NaN
0.618154825	3.345871449	-18.17252541	NaN
0.618166406	3.35430932	-18.17252541	NaN
0.61817797	3.346067667	-18.17252541	NaN
0.618189541	3.352593184	-18.17252541	NaN
0.618201129	3.350239277	-18.17252541	NaN
0.61821272	3.361124992	-18.17252541	NaN
0.618224271	3.344087124	-18.17252541	NaN
0.618235852	3.355035067	-18.17252541	NaN
0.618247455	3.330709457	-18.17252541	NaN
0.618259013	3.353236675	-18.17252541	NaN
0.618270589	3.333840847	-18.17252541	NaN
0.618282146	3.338576794	-18.17252541	NaN
0.618293721	3.326791763	-18.17252541	NaN
0.618305283	3.359139919	-18.17252541	NaN
0.618316868	3.329677105	-18.17252541	NaN
0.618328439	3.343846798	-18.17252541	NaN
0.618340014	3.321892738	-18.17252541	NaN
0.618351589	3.337441206	-18.17252541	NaN
0.618363163	3.324195862	-18.17252541	NaN
0.618374741	3.340512514	-18.17252541	NaN
0.618386309	3.329147816	-18.17252541	NaN
0.618397904	3.35421443	-18.17252541	NaN
0.618409486	3.342993498	-18.17252541	NaN
0.618421029	3.359822273	-18.17252541	NaN
0.618432618	3.346951008	-18.17252541	NaN
0.618444205	3.370073795	-18.17252541	NaN
0.618455756	3.351885319	-18.17252541	NaN
0.618467355	3.363941193	-18.17252541	NaN
0.618478901	3.354944229	-18.17252541	NaN
0.618490494	3.356789112	-18.17252541	NaN
0.618502065	3.351480961	-18.17252541	NaN
0.61851363	3.339844227	-18.17252541	NaN
0.61852522	3.333962679	-18.17252541	NaN
0.618536784	3.332414627	-18.17252541	NaN
0.618548355	3.334574223	-18.17252541	NaN
0.61855994	3.335060597	-18.17252541	NaN
0.618571527	3.332974434	-18.17252541	NaN
0.618583101	3.327562094	-18.17252541	NaN
0.618594645	3.344395161	-18.17252541	NaN
0.618606225	3.339963913	-18.17252541	NaN
0.618617798	3.352768183	-18.17252541	NaN
0.6186294	3.331156492	-18.17252541	NaN
0.618640971	3.336387634	-18.17252541	NaN
0.618652534	3.319696903	-18.17252541	NaN
0.618664124	3.315285683	-18.17252541	NaN
0.61867568	3.316245318	-18.17252541	NaN
0.61868723	3.317948341	-18.17252541	NaN
0.618698833	3.325993538	-18.17252541	NaN
0.618710388	3.322109222	-18.17252541	NaN
0.618721949	3.317187309	-18.17252541	NaN
0.618733524	3.315773249	-18.17252541	NaN
0.618745101	3.320766449	-18.17252541	NaN
0.618756689	3.327541828	-18.17252541	NaN
0.618768271	3.33174777	-18.17252541	NaN
0.618779834	3.326198816	-18.17252541	NaN
0.618791438	3.317948818	-18.17252541	NaN
0.618802978	3.307767153	-18.17252541	NaN
0.618814569	3.304863215	-18.17252541	NaN
0.618826154	3.309192419	-18.17252541	NaN
0.618837724	3.312488318	-18.17252541	NaN
0.618849281	3.309647322	-18.17252541	NaN
0.61886085	3.306693316	-18.17252541	NaN
0.618872432	3.303693056	-18.17252541	NaN
0.618884006	3.302705288	-18.17252541	NaN
0.618895598	3.302709103	-18.17252541	NaN
0.618907153	3.307057142	-18.17252541	NaN
0.618918743	3.314535141	-18.17252541	NaN
0.618930294	3.314805031	-18.17252541	NaN
0.618941879	3.310391188	-18.17252541	NaN
0.618953446	3.312037945	-18.17252541	NaN
0.618965024	3.309638262	-18.17252541	NaN
0.6189766	3.31116271	-18.17252541	NaN
0.618988168	3.310297251	-18.17252541	NaN
0.618999749	3.307603598	-18.17252541	NaN
0.619011314	3.307436466	-18.17252541	NaN
0.619022888	3.314070702	-18.17252541	NaN
0.619034483	3.314020872	-18.17252541	NaN
0.619046058	3.317526579	-18.17252541	NaN
0.619057629	3.319252729	-18.17252541	NaN
0.619069174	3.314867258	-18.17252541	NaN
0.61908078	3.307599545	-18.17252541	NaN
0.619092339	3.305328369	-18.17252541	NaN
0.619103896	3.310198069	-18.17252541	NaN
0.619115491	3.309238911	-18.17252541	NaN
0.619127056	3.30644083	-18.17252541	NaN
0.619138619	3.305077076	-18.17252541	NaN
0.619150201	3.312137604	-18.17252541	NaN
0.619161778	3.315443754	-18.17252541	NaN
0.619173346	3.318455219	-18.17252541	NaN
0.619184937	3.316864491	-18.17252541	NaN
0.619196521	3.312279463	-18.17252541	NaN
0.619208089	3.310472727	-18.17252541	NaN
0.619219666	3.665909767	-18.17252541	NaN
0.619231219	3.387590408	-18.17252541	NaN
0.619242801	3.364761114	-18.17252541	NaN
0.619254368	3.351608038	-18.17252541	NaN
0.619265952	3.349440098	-18.17252541	NaN
0.619277522	3.332109928	-18.17252541	NaN
0.619289111	3.319901943	-18.17252541	NaN
0.619300668	3.3127985	-18.17252541	NaN
0.619312264	3.310637236	-18.17252541	NaN
0.619323834	3.31221962	-18.17252541	NaN
0.619335377	3.313693285	-18.17252541	NaN
0.619346968	3.315294027	-18.17252541	NaN
0.619358554	3.324874163	-18.17252541	NaN
0.619370113	3.327022791	-18.17252541	NaN
0.619381713	3.323655367	-18.17252541	NaN
0.619393282	3.324197292	-18.17252541	NaN
0.619404841	3.318551779	-18.17252541	NaN